{"cameraMode":{"drawMode":0,"name":"Shaded","section":"Shading Mode"},"sceneLighting":true,"audioPlay":false,"sceneViewState":{"showFog":true,"showMaterialUpdate":false,"showSkybox":true,"showFlares":true,"showImageEffects":true,"showParticleSystems":true},"in2DMode":false,"pivot":{"x":0.219482421875,"y":4.7861328125,"z":-3.185546875},"rotation":{"x":0.22226333618164063,"y":-0.046778593212366107,"z":0.010676846839487553,"w":0.9738050699234009},"size":9.847234725952149,"orthographic":true}